Forecast_Time,Target_Time,Predicted_Consumption,Actual_Consumption,Absolute_Error
2010-02-21 09:00:00,2010-02-21 10:00:00,1.4040711790370832,1.2503666666666668,0.15370451237041638
2010-03-24 07:00:00,2010-03-24 08:00:00,1.8729154774350796,1.7883666666666664,0.08454881076841314
2010-04-24 06:00:00,2010-04-24 07:00:00,1.4431214120125535,0.4129666666666666,1.0301547453458868
2010-05-25 04:00:00,2010-05-25 05:00:00,0.381513736067707,0.3430333333333333,0.0384804027343737
2010-06-25 03:00:00,2010-06-25 04:00:00,0.3738871003348633,0.3376666666666666,0.03622043366819666
2010-07-26 01:00:00,2010-07-26 02:00:00,0.3407042784216158,0.2787666666666666,0.06193761175494922
2010-08-26 00:00:00,2010-08-26 01:00:00,0.3781492043960435,0.2715666666666667,0.10658253772937681
2010-09-25 22:00:00,2010-09-25 23:00:00,0.6350269914497602,0.6375051546391752,0.0024781631894150724
2010-10-26 21:00:00,2010-10-26 22:00:00,1.3012887434901068,0.4894,0.8118887434901068
2010-11-26 20:00:00,2010-11-26 21:00:00,1.9124521821769525,0.9346666666666668,0.9777855155102857
