Hour,Average_Consumption
0,0.6622662060841157
1,0.5342604116643113
2,0.46988000898181415
3,0.44349508155973366
4,0.44649783317411157
5,0.45813228986077553
6,0.8102169484287455
7,1.4814311099955244
8,1.45702664382462
9,1.3083420636387146
10,1.2320946375296136
11,1.2098476958046822
12,1.169573039877873
13,1.1159226068273842
14,1.060655311552976
15,0.961619159059488
16,0.924265734945998
17,1.030172709726514
18,1.3044360852688965
19,1.7409885698059153
20,1.9117499090186116
21,1.917081199633109
22,1.4359451731744357
23,0.9148603174474694
