DateTime,Electricity_Consumption
2008-11-23 18:00:00,6.560533333333334
2009-01-16 20:00:00,6.519633333333333
2008-02-02 19:00:00,6.496033333333333
2007-12-23 19:00:00,6.488
2007-02-22 21:00:00,6.363866666666667
2007-12-28 17:00:00,6.333666666666667
2008-11-23 20:00:00,6.310566666666667
2007-01-21 20:00:00,6.076566666666666
2008-01-26 19:00:00,6.0138
2008-11-30 20:00:00,5.930499999999999
2007-01-21 21:00:00,5.9107666666666665
2007-02-03 19:00:00,5.814666666666667
2007-01-13 22:00:00,5.814266666666667
2008-10-19 01:00:00,5.759066666666667
2007-09-17 21:00:00,5.735766666666667
2008-04-20 21:00:00,5.6713000000000005
2008-04-12 18:00:00,5.656433333333334
2007-03-05 19:00:00,5.644900000000001
2006-12-23 23:00:00,5.562466666666666
2006-12-23 17:00:00,5.452533333333333
